Position,Company,Location,URL
Full-Time,OpenCraft,Anywhere in the World,https://weworkremotely.com/remote-jobs/opencraft-senior-open-source-developer-devops-python-django-react-aws-openstack
Full-Time,Salas O'Brien,USA Only,https://weworkremotely.com/remote-jobs/salas-o-brien-sr-software-engineer-python
Full-Time,Close,USA Only,https://weworkremotely.com/remote-jobs/close-senior-staff-software-engineer-backend-python-usa-100-remote
Full-Time,Shake,Anywhere in the World,https://weworkremotely.com/remote-jobs/shake-senior-python-engineer-2
Full-Time,Tactiq Tech,Anywhere in the World,https://weworkremotely.com/remote-jobs/tactiq-tech-lead-python-developer
Contract,DataExplorer,Anywhere in the World,https://weworkremotely.com/remote-jobs/dataexplorer-python-flask-user-workspace-developer
Software Developer - Python,Interactive Brokers Group Inc.,Greenwich  CT,https://getwork.com/details/97c5ec974899f762d2f4f0e8e1b6283c
Python Developer - Associate,Deutsche Bank,Cary  NC,https://getwork.com/details/952a2e41a20d63ec43091da3b6aa4f67
Python Developer,The Bank of New York Mellon,Nashville  TN,https://getwork.com/details/ba8473d0aec882d3fc6b886370cd2463
Python Developer,The Bank of New York Mellon,Orlando  FL,https://getwork.com/details/11076afe58a450192345179190bdb063
Senior QA Engineer - Python,Builder.ai,London  ENG,https://getwork.com/details/3582524137905872677944efcabd5f9b
SDET with Java/Python,Cognizant Technology Solutions,Cupertino  CA,https://getwork.com/details/38dfef1c2563512ec174d056c70b99d6
Associate Technical Lead - Python,Builder.ai,London  ENG,https://getwork.com/details/8150c1044a54a96172e20e3a38698118
Principal Software Engineer - Python,Builder.ai,London  ENG,https://getwork.com/details/7962e975c16ef320250cb68d9a38c8e6
Sr Software Engineer  Python,Abbott Laboratories,Abbott Park  IL,https://getwork.com/details/040ff5e24127c8c091931af240eeab02
Sr Software Engineer  Python,Abbott Laboratories,Irving  TX,https://getwork.com/details/2656be4ed7887c6b46d83b797ab9ad18
Software Engineer- Python/Java,Fidelity Investments,Boston  MA,https://getwork.com/details/53aec8ee358d8deadb889741ed2ff67a
SDET with Java/Python,Cognizant Technology Solutions,Cupertino  CA,https://getwork.com/details/62d3b55d8e1b3263ffdf2b1359cfd451
Python Developer,NASDAQ Omx Group  Inc.,Montréal  QC,https://getwork.com/details/c8002381cd831b1f11a8ef5f92ddb7c0
Python Developer,Infosys LTD,Charlotte  NC,https://getwork.com/details/12639862a89ac69717417379b1b18368
Python Developer,CGI Group Inc.,Pittsburgh  PA,https://getwork.com/details/01488c63ab85476c91c8f736a5db80d1
Python Developer,DRW Trading Group,Montréal  QC,https://getwork.com/details/aa33608349e7820341a75f61ad9a035b
Backend Engineer - Python,Memfault,Boston  MA,https://getwork.com/details/d2f11acd54ebdf58bb3d6fdc81248399
AI Python Developer,Expedient,Pittsburgh  PA,https://getwork.com/details/60654bc7f2d5841f9ad66fe057a32b98
Frontend Python Developer,Third Eye,Los Angeles  CA,https://getwork.com/details/89d6ed4f6ad93a6af19ee4bdddf40ce2
Software Engineer  Python,CACI International Inc.,Denver  CO,https://getwork.com/details/9e3abad2dd1fa89ffd8e8c6ef773c7be
Backend Engineer - Python,Memfault,New York  NY,https://getwork.com/details/dd7f37ad5e97212899b47f76b7639152
Python React Enaml Software Engineer III,JPMorgan Chase & Co.,New York  NY,https://getwork.com/details/613c114150181192f2d9a3e4f51df267
Wi-fi Network Architect - Python Development,Cognizant Technology Solutions,Denver  CO,https://getwork.com/details/20655011607491839ad923e694b60455
Software Engineer III - Data/ Spark & Python,JPMorgan Chase & Co.,Plano  TX,https://getwork.com/details/3831f3e9330743f2db93043ae40ed541
Software Engineer III - Python/SQL  AWS,JPMorgan Chase & Co.,Jersey City  NJ,https://getwork.com/details/c1cfe23cf44803f6e4b6905a15fea00b
Python Software Engineer III,JPMorgan Chase & Co.,Glasgow  Scotland,https://getwork.com/details/8c88685167aa2f7400e31160fddc9b32
Senior Developer- Databricks & Python,PUBLICIS GROUPE,Boston  MA,https://getwork.com/details/a76d623250f4e30b532218768f621e51
Senior Developer- Databricks & Python,PUBLICIS GROUPE,Irving  TX,https://getwork.com/details/9e985b629080f93fc38e6e33720c8354
Python Software Engineer III,JPMorgan Chase & Co.,Glasgow  Scotland,https://getwork.com/details/50dbe29f1ae5457d95a1d0c35c944f40
ETL Tester with Python,Capgemini Holding Inc,  TX,https://getwork.com/details/0bb8ff641e55ae7e79b220cdb4a11aac
Senior Python Developer,Interactive Brokers Group Inc.,Greenwich  CT,https://getwork.com/details/58b45a96012b47642d50c0a8bb654e60
Python Pandas Developer,Ceres Group,Boston  MA,https://getwork.com/details/b3b5dda40cc88062c8101797ba317400
Python Engineer (Remote),Veeva Systems,London  ENG,https://getwork.com/details/a46cec68de07b798eb6b854f5c4feb58
Python Automation Engineer,UST Global,Hillsboro  OR,https://getwork.com/details/ad322902b555ba3c69e385675ca497ee
Software Engineer  Python,Criterion Systems,Denver  CO,https://getwork.com/details/bf9a908c39e298191588177fd955291e
Senior Python Developer,FriendFinder Networks,San Jose  CA,https://getwork.com/details/631cd1c7f6dd1f7ac55097fbcdcc442d
Senior Software Engineer (Python),Comply Advantage,London  ENG,https://getwork.com/details/d37b22a9f99a2ef8e9093ff1955e124d
Software Engineer - Python,Vatic Investments,New York  NY,https://getwork.com/details/1163e9e2c1d809cd0868ecd5dcf9ee7a
Senior Python Engineer,Hudson River Trading,Austin  TX,https://getwork.com/details/09a1c2f028586dc068c2cfa88361e4b2
Senior Python Engineer,Hudson River Trading,Chicago  IL,https://getwork.com/details/7c471c1c899ffbfe141ff2e2b3e05107
Senior Python Engineer,Hudson River Trading,New York  NY,https://getwork.com/details/8485985d3e21ff7845ab877e7278ac0a
Data Scientist - Python,CACI International Inc.,Denver  CO,https://getwork.com/details/16da8bc0c247b77e9005168de572b3a8
Sr. Python Engineer,Chick-fil-A,Atlanta  GA,https://getwork.com/details/ed3eca73d11eb2b58a852c72cf227537
Python Technical Lead,Cognizant Technology Solutions,San Francisco  CA,https://getwork.com/details/3b72cbe3285863729cd31071bb5c2773
Cybersecurity Python Developer,Booz Allen Hamilton Inc.,Annapolis Junction  MD,https://getwork.com/details/a3a353364d3d72a4c2e13d0dd571e988
AIML Python Developer,VIRTUSA,Tampa  FL,https://getwork.com/details/c26cda3ec05888e018e814c32042883e
Sr. Python Developer,OpTech,Jacksonville  FL,https://getwork.com/details/d9eae9289f698e5343cc4900d8c92fae
Data Scientist - Python,CACI International Inc.,Denver  CO,https://getwork.com/details/a851413b2cae7e6c3d6a52b90dd2feb9
Python Software Developer,Infinera,Sunnyvale  CA,https://getwork.com/details/feddac2ace822f2b88baf4f8fb5b176b
Backend Engineer (Python),Iwoca,London  ENG,https://getwork.com/details/7c1d2636e056a0c06702da7f93e2e58f
